,login,type_GT
0,brotherlogic,bot
1,coveralls,bot
2,renovate,bot
3,leocwlam,bot
4,fabric8cd,bot
5,codecov[bot],bot
6,codecov-io,bot
7,ant-design-bot,bot
8,facebook-github-bot,bot
9,snyk-bot,bot
10,jnpr-community-netdev,bot
11,dependabot-preview[bot],bot
12,ezrobot,bot
13,thelinuxfoundation,bot
14,Hibernate-CI,bot
15,cf-gitbot,bot
16,stale[bot],bot
17,scrutinizer-notifier,bot
18,googlebot,bot
19,bors,bot
20,k8s-ci-robot,bot
21,tessel-bot,bot
22,resin-io-modules-versionbot[bot],bot
23,cfdreddbot,bot
24,greenkeeper[bot],bot
25,manifold-listbot,bot
26,CLAassistant,bot
27,gopherbot,bot
28,sous-machine-account,bot
29,matzkoh,bot
30,old-fusion-bot[bot],bot
31,aviary2-wf,bot
32,CFPBot,bot
33,ININ-TransifexAutomation,bot
34,stakater-user,bot
35,pivotal-issuemaster,bot
36,timsuchanek,bot
37,ScreensBot,bot
38,pyup-bot,bot
39,oca-clabot,bot
40,kiereleaseuser,bot
41,fejta-bot,bot
42,GordonTheTurtle,bot
43,lock,bot
44,palashmon,bot
45,gatsbot[bot],bot
46,0crat,bot
47,rultor,bot
48,jsf-clabot,bot
49,dependencies[bot],bot
50,devOpsHazelcast,bot
51,theopenlab-ci,bot
52,genie-jnosql,bot
53,ukp-svc-jenkins,bot
54,miq-bot,bot
55,travix-frontend-services,bot
56,ef-carbon-bot,bot
57,slnode,bot
58,coreosbot,bot
59,dsmjs-bot,bot
60,svc-excavator-bot,bot
61,hn-bot,bot
62,Johns-CI-Bot,bot
63,bors-servo,bot
64,depfu[bot],bot
65,watson-github-bot,bot
66,openshift-ci-robot,bot
67,datastax-bot,bot
68,istio-testing,bot
69,openshift-bot,bot
70,hashibot,bot
71,kubevirt-bot,bot
72,astropy-bot,bot
73,HT2Bot,bot
74,cmsdmwmbot,bot
75,hubotbot,bot
76,caicloud-bot,bot
77,react-tether-bot,bot
78,vmwclabot,bot
79,grape-bot,bot
80,ForbesLindesay-Bot,bot
81,AppVeyorBot,bot
82,nfbot,bot
83,octokitbot,bot
84,gaugebot,bot
85,semantic-release-bot,bot
86,atomist-bot,bot
87,moltinbot,bot
88,mysql-oca-bot,bot
89,resin-io-versionbot[bot],bot
90,netty-bot,bot
91,etcd-bot,bot
92,jetstack-bot,bot
93,sailsbot,bot
94,omnisharp-bot,bot
95,ConfluentCLABot,bot
96,lucas-bot,bot
97,zcabot,bot
98,yii-bot,bot
99,doppins-bot,bot
100,dep-bot,bot
101,salte-bot,bot
102,avaGitHubBot,bot
103,mongoid-bot,bot
104,greenkeeperio-bot,bot
105,sourcelevel-bot[bot],bot
106,gocardless-robot-restricted,bot
107,oclif-bot,bot
108,ualbertalib-bot,bot
109,kissaten-bot,bot
110,windupgithubbot1,bot
111,cb-sdk-robot,bot
112,p1bot,bot
113,jekyllbot,bot
114,testcafe-build-bot,bot
115,lintr-bot,bot
116,renovate-bot,bot
117,sgopsbot,bot
118,forge-bot,bot
119,eclipse-lsp4j-bot,bot
120,soloio-bot,bot
121,doorkeeper-bot,bot
122,stoplight-bot,bot
123,styleguidist-bot,bot
124,omnius-bot,bot
125,mike-north-bot,bot
126,TDSBot,bot
127,shaka-bot,bot
128,qiwibot,bot
129,OCA-git-bot,bot
130,hawkbit-bot,bot
131,monty-bot,bot
132,electron-bot,bot
133,parity-cla-bot,bot
134,angular-automatic-lock-bot[bot],bot
135,devicekit-danger-bot,bot
136,OdysseusBot,bot
137,mister-roboto,bot
138,ursabot,bot
139,travi-bot,bot
140,violinist-bot,bot
141,TPRobots,bot
142,SupportClass-bot,bot
143,probot-shopify[bot],bot
144,knative-metrics-robot,bot
145,knative-prow-robot,bot
146,ApiaryBot,bot
147,go-cloud-bot[bot],bot
148,vue-bot,bot
149,react-native-community-bot,bot
150,msftbot[bot],bot
151,adobe-bot,bot
152,edx-requirements-bot,bot
153,owo-bot,bot
154,prombot,bot
155,5iMON-bot,bot
156,uias-bot,bot
157,form8ion-bot,bot
158,Rozebot,bot
159,spinnakerbot,bot
160,fn-bot,bot
161,kyma-bot,bot
162,wmfs-bot,bot
163,macaca-bot,bot
164,changeset-bot[bot],bot
165,gpii-bot,bot
166,upbound-bot,bot
167,landscape-bot,bot
168,voidraybot,bot
169,watermarkchurch-bot,bot
170,openshift-cherrypick-robot,bot
171,lonabot,bot
172,pluscodebot,bot
173,conventional-release-bot[bot],bot
174,lighthousebot,bot
175,vaadin-bot,bot
176,pouchrobot,bot
177,raizlabs-oss-bot,bot
178,jujubot,bot
179,dxrobot,bot
180,RiotTranslateBot,bot
181,khanbot,bot
182,brototyp-bot,bot
183,ArduinoBot,bot
184,realm-probot[bot],bot
185,AgoricBot,bot
186,generic-probot-app-workflow[bot],bot
187,NuKeeperBot,bot
188,commitizen-bot,bot
189,coorpacademybot,bot
190,symfony-bot,bot
191,blueprint-bot,bot
192,gain-bot,bot
193,cla-bot,bot
194,Staffbot,bot
195,theforeman-bot,bot
196,sisu-bot,bot
197,FeedjiraBot,bot
198,michaelhsu-bot,bot
199,GK-keeper-bot,bot
200,fozzie-bot,bot
201,dependabot[bot],bot
202,eclipse-jaxb-impl-bot,bot
203,kubermatic-bot,bot
204,ladybugbot,bot
205,mainio-integration-bot,bot
206,toptal-bot,bot
207,solo-git-bot[bot],bot
208,tld-update-bot,bot
209,sourcegraph-bot,bot
210,jbosstm-bot,bot
211,zaripych-bot,bot
212,whateverbot,bot
213,azuresdkciprbot,bot
214,tm-github-bot,bot
215,eclipse-milo-bot,bot
216,ks-ci-bot,bot
217,capistrano-bot,bot
218,rails-bot,bot
219,acs-bot,bot
220,gitmate-bot,bot
221,getsentry-bot,bot
222,dangerpr-bot,bot
223,OpenCombineBot,bot
224,traverson-bot,bot
225,sofastack-bot,bot
226,workbox-pr-bot,bot
227,tensorflow-graphics-github-robot,bot
228,allthings-bot,bot
229,MagicMirrorBot,bot
230,vis-bot,bot
231,dingwilsonbot,bot
232,ticobotbot,bot
233,optibot,bot
234,nemobot,bot
235,bens-danger-bot,bot
236,webhookbotuser,bot
237,runnabot,bot
238,concourse-bot,bot
239,thumbot,bot
240,mention-bot,bot
241,algoliareadmebot,bot
242,rktbot,bot
243,hpcugentbot,bot
244,salesforce-ux-bot,bot
245,helpfulrobot,bot
246,xamarin-cla-bot,bot
247,bsn-bot3,bot
248,issue-bot,bot
249,dpebot,bot
250,IssueHuntBot,bot
251,eslintbot,bot
252,nativescript-vue-bot,bot
253,pantheon-ci-bot,bot
254,glide-copybara-robot,bot
255,UberOpenSourceBot,bot
256,metal3-io-bot,bot
257,reactorbot,bot
258,omex-github-bot-internal,bot
259,dialog-bot,bot
260,google-oss-robot,bot
261,LottieSnapshotBot,bot
262,truecar-cla-bot,bot
263,kubermatic-triage-bot,bot
264,cloudwanbot,bot
265,karmarunnerbot,bot
266,sizebot,bot
267,amp-owners-bot[bot],bot
268,sre-bot,bot
269,typescript-bot,bot
270,bedevere-bot,bot
271,42bot,bot
272,knative-test-reporter-robot,bot
273,nodejs-github-bot,bot
274,flinkbot,bot
275,matticbot,bot
276,elasticsearch-bot,bot
277,hospitalrunbot,bot
278,zorro-bot[bot],bot
279,msft-github-bot,bot
280,theguild-bot,bot
281,dlang-bot,bot
282,jwplayer-robot,bot
283,mui-pr-bot,bot
284,alluxio-bot,bot
285,agones-bot,bot
286,cargo-dep-bot[bot],bot
287,bugsnagbot,bot
288,cypress-bot[bot],bot
289,hasura-bot,bot
290,che-bot,bot
291,trax-robot,bot
292,submariner-bot,bot
293,DustyTheBot,bot
294,istio-policy-bot,bot
295,tekton-robot,bot
296,openshift-azure-robot,bot
297,pfn-ci-bot,bot
298,pull-bot,bot
299,webpack-bot,bot
300,echarts-bot[bot],bot
301,tedium-bot,bot
302,dotnet-bot,bot
303,minikube-pr-bot,bot
304,nacho-bot,bot
305,jenkins-x-bot,bot
306,bits-bot,bot
307,metamaskbot,bot
308,syndesisio-bot,bot
309,element-bot,bot
310,fluttergithubbot,bot
311,ibmdotcom-bot,bot
312,PWAStudioBot,bot
313,vtex-io-docs-bot[bot],bot
314,react-native-bot,bot
315,Favware-bot,bot
316,ngrxbot,bot
317,airbnb-bot,bot
318,dotnet-maestro-bot,bot
319,solo-changelog-bot[bot],bot
320,pdfjsbot,bot
321,swift-server-bot,bot
322,dhis2-bot,bot
323,glotbot,bot
324,ompiteam-bot,bot
325,explosion-bot,bot
326,callstack-bot,bot
327,bundlerbot,bot
328,nusmods-deploy-bot[bot],bot
329,pirate-bot,bot
330,docusaurus-bot,bot
331,tykbot[bot],bot
332,edx-transifex-bot,bot
333,rh-atomic-bot,bot
334,status-github-bot[bot],bot
335,ng-zorro-bot,bot
336,idealbot,bot
337,mender-test-bot,bot
338,weex-bot,bot
339,minikube-bot,bot
340,mdc-web-bot,bot
341,daisy-bot,bot
342,aws-afr-bot,bot
343,kubevirt-commenter-bot,bot
344,cozy-bot,bot
345,backpackbot,bot
346,google-oss-bot,bot
347,sagemaker-bot,bot
348,StepFunctions-Bot,bot
349,botcerts,bot
350,nockbot,bot
351,retest-bot,bot
352,graalvmbot,bot
353,fusionjs-sync-bot[bot],bot
354,janusgraph-bot,bot
355,moonwalker-bot,bot
356,yarpcbot,bot
357,ross-bott,bot
358,ucloud-bot,bot
359,aporeto-bot,bot
360,MidLevel-Bot,bot
361,usercont-release-bot,bot
362,INGIbot,bot
363,skydive-bot,bot
364,hoppipolla-critic-bot,bot
365,hacs-bot[bot],bot
366,mattsb42-bot,bot
367,ExtendReality-Bot,bot
368,dictybasebot,bot
369,mixmax-bot,bot
370,miroculusbot,bot
371,docker-compose-qa-bot[bot],bot
372,asanabot,bot
373,matrixbot,bot
374,jquerybot,bot
375,suchabot,bot
376,gitcoinbot,bot
377,z-docker-bot,bot
378,oni-bot[bot],bot
379,seabird-bot,bot
380,open-collective-bot[bot],bot
381,jw-issue-bot,bot
382,tessel-crashbot,bot
383,ionitron-bot[bot],bot
384,vscodebot,bot
385,aio-libs-bot,bot
386,pydio-bot,bot
387,issue-label-bot[bot],bot
388,appsflyerbot[bot],bot
389,change-bot,bot
390,wallabag-bot,bot
391,knative-housekeeping-robot,bot
392,mods-bot,bot
393,SegmentDestinationsBot,bot
394,matts-bot[bot],bot
395,antv-bot,bot
396,RealmBot,bot
397,taro-ui-bot[bot],bot
398,assemblebot,bot
399,robotccm,bot
400,egg-bot,bot
401,babel-bot,bot
402,QacoBot,bot
403,bazel-flag-bot,bot
404,devtools-bot,bot
405,kf-label-bot-dev[bot],bot
406,athenabot,bot
407,taro-bot,bot
408,swaglyricsbot[bot],bot
409,yarnbot,bot
410,DartBot,bot
411,neos-bot,bot
412,fire-bot,bot
413,netoffice-bot,bot
414,glassfishrobot,bot
415,mybit-bot,bot
416,homeassistant,bot
417,claassistantio,bot
418,pull-assistant[bot],bot
419,selenium-assistant[bot],bot
420,restyled-io[bot],bot
421,gitpod-io-legacy-app[bot],bot
422,vtex-io-ci-cd[bot],bot
423,gitpod-io[bot],bot
424,az-iot-builder-01,bot
425,sentry-io[bot],bot
426,logic-building,bot
427,codeclimate[bot],bot
428,similar-code-searcher[bot],bot
429,codelingo[bot],bot
430,codesandbox[bot],bot
431,nCodefresh,bot
432,apollo-cla,bot
433,salesforce-cla,bot
434,hashicorp-cla,bot
435,lightbend-cla-validator,bot
436,ddes-ci,bot
437,kogmbh-ci,bot
438,stickler-ci,bot
439,mailgun-ci,bot
440,sprucelabs-ci,bot
441,nexus-ci,bot
442,centos-ci,bot
443,mesosphere-ci,bot
444,stencila-ci,bot
445,immowelt-ci,bot
446,thorntail-ci,bot
447,stripe-ci,bot
448,wildfly-ci,bot
449,infinitered-circleci,bot
450,mesosphere-frontend-ci,bot
451,contiamo-ci,bot
452,io-scalecube-ci,bot
453,smartcar-ci,bot
454,appserver-ci,bot
455,react-navigation-ci,bot
456,hft-team-city,bot
457,flexera-ci,bot
458,calabash-ci,bot
459,smartive-ci,bot
460,kie-ci,bot
461,atticlabs-ci,bot
462,pika-ci[bot],bot
463,akka-ci,bot
464,swift-ci,bot
465,chainer-ci,bot
466,build-travis-ci,bot
467,vc-ci,bot
468,shiftjs-circleci,bot
469,jdroid-ci,bot
470,asf-ci,bot
471,balena-ci,bot
472,livingdocs-automation,bot
473,nmattia-autoupdate,bot
474,yoshi-automation,bot
475,arcus-automation,bot
476,opa-updater-automation,bot
477,ibm-devx-automation,bot
478,AutorestCI,bot
479,scrutinizer-auto-fixer,bot
480,openapi-sdkautomation[bot],bot
481,skia-flutter-autoroll,bot
482,auto-comment[bot],bot
483,aws-sdk-go-automation,bot
484,engine-flutter-autoroll,bot
485,aws-cdk-automation,bot
486,status-im-auto,bot
487,Google-Autofuzz,bot
488,bors-homu,bot
489,bors-libra,bot
490,zeebe-bors[bot],bot
491,the-knights-who-say-ni,bot
492,jujugui,bot
493,yahoocla,bot
494,buildhive,bot
495,SendGridDX,bot
496,octokit-fixture-user-a,bot
497,dnfclas,bot
498,request-info[bot],bot
499,welcome,bot
500,PRB0t,bot
501,openstack-gerrit,bot
502,peril-staging[bot],bot
503,CocoaPodsBarista,bot
504,ovh-cds,bot
505,GitCop,bot
506,boxcla,bot
507,github-actions[bot],bot
508,msftclas,bot
509,abf-repo-bot,bot
510,adoptopenjdk-github-bot,bot
511,allcontributors[bot],bot
512,HitkoDev,bot
513,ampproject-artifacts-bot,bot
514,antag99bot,bot
515,ApertiumBot,bot
516,archzfs-bot,bot
517,aur-archive-bot,bot
518,authenticator-bot,bot
519,azure-pipelines[bot],bot
520,acomsmpbot,bot
521,bactrian,bot
522,ballerina-bot,bot
523,llvm-beanz,bot
524,fs-lms-test-bot,bot
525,babot,bot
526,fabric8-analytics-cve-bot,bot
527,bitnami-bot,bot
528,bluespice-github-bot,bot
529,bors[bot],bot
530,Nolanus,bot
531,bot50,bot
532,grass-svn2git,bot
533,bot-monkey-1,bot
534,BrewTestBot,bot
535,bsf-doc-bot,bot
536,chaiscript-buildbot,bot
537,c9bot,bot
538,austenmc,bot
539,cheminfo-bot,bot
540,bikesharebot,bot
541,CNCF-Bot,bot
542,codecov-test,bot
543,Code-Inside-Bot,bot
544,cstbuilds,bot
545,collab-ui-bot,bot
546,cwl-bot,bot
547,addonsbot,bot
548,ConfluentJenkins,bot
549,confs-tech-bot,bot
550,CrowdinBot,bot
551,csl-bot,bot
552,CssBuildBot,bot
553,currencybot,bot
554,dpb587-ci,bot
555,decidim-bot,bot
556,dependencies-bot,bot
557,traviscibot,bot
558,devtube-bot,bot
559,svip,bot
560,docker-library-bot,bot
561,dontcallmedom-bot,bot
562,dotnet-build-bot,bot
563,dotnet-maestro[bot],bot
564,felixmulder,bot
565,dpfrakes-bot,bot
566,dragon-bot,bot
567,dune-community-bot,bot
568,egov-commit-bot,bot
569,ejdquotes-bot,bot
570,elife-bot,bot
571,enginered-bot,bot
572,f1jobs-bot,bot
573,femtocleaner[bot],bot
574,FlexGet-Bot,bot
575,fossabot,bot
576,FTL13-Bot,bot
577,Lunokhod-Bot,bot
578,garybot2,bot
579,gitbook-bot,bot
580,github-learning-lab[bot],bot
581,jacogr,bot
582,graviteeio,bot
583,grommet-github-bot,bot
584,grommetux,bot
585,guardrails[bot],bot
586,haxe-ci,bot
587,hsimbot,bot
588,homebrew-version-migration-bot,bot
589,hunter-cache-bot,bot
590,imgbot[bot],bot
591,hubbed,bot
592,InwitofitkaBot,bot
593,javafxports-github-bot,bot
594,smunilla,bot
595,NgDashboard,bot
596,pow-devops2020,bot
597,jenkins-x-bot-test,bot
598,jhipster-bot,bot
599,joe-bot,bot
600,johnpbloch-bot,bot
601,jollygoodbot,bot
602,jonasabreu,bot
603,jsdelivrbot,bot
604,js-org-bot,bot
605,jufab,bot
606,kaitai-bot,bot
607,koding-bot,bot
608,eagletmt-bot,bot
609,koideploy-commit-bot,bot
610,kspckan-crawler,bot
611,lasp-lang-evaluator,bot
612,24emebot,bot
613,ledger-bot,bot
614,lektor-bot,bot
615,limesurvey-translations,bot
616,lj-team,bot
617,local2-rollout-io[bot],bot
618,local-rollout-io[bot],bot
619,lokalise-bot,bot
620,daim2k5,bot
621,MakeSchoolBot,bot
622,mergify[bot],bot
623,miss-islington,bot
624,nodebb-misty,bot
625,mixpanel-bot,bot
626,moz-wptsync-bot,bot
627,davetaz,bot
628,muibot,bot
629,devkitdoc,bot
630,mumukibot,bot
631,nabijaczleweli,bot
632,nba-espn-stats-and-info-bot,bot
633,jenkins-nedprod,bot
634,netkan-bot,bot
635,nextcloud-bot,bot
636,ninjadotorg-bot,bot
637,niveristand-diff-bot,bot
638,njgingrich-bot,bot
639,nodejs-crowdin,bot
640,npmcdn-to-unpkg-bot,bot
641,nur-bot,bot
642,C3POdoo,bot
643,okkez-bot,bot
644,oll-bot,bot
645,sauron-gamma-bot,bot
646,openhab-bot,bot
647,openmrs-bot,bot
648,openstax-bot,bot
649,opentraveldata-bot,bot
650,ophobe-bot,bot
651,osrfbuild,bot
652,owlbot,bot
653,paperjs-bot,bot
654,ParadiseSS13-Bot,bot
655,phpmyadmin-bot,bot
656,PJBot,bot
657,poetroid-bot,bot
658,poggit-bot,bot
659,poppy-bot,bot
660,predix-adoption-bot,bot
661,pull[bot],bot
662,pure-bot[bot],bot
663,PX4BuildBot,bot
664,pxw-bot,bot
665,pytorchbot,bot
666,pyup-vuln-bot,bot
667,qb01-bot,bot
668,qmk-bot,bot
669,qubesos-bot,bot
670,radadata-bot,bot
671,raspberrypilearningbot,bot
672,raspberrypitranslationsbot,bot
673,reactjs-translation-bot,bot
674,regro-cf-autotick-bot,bot
675,renovate[bot],bot
676,Richienb,bot
677,r-ryantm,bot
678,rte-bot,bot
679,scala-steward,bot
680,scrutinizer-test-bot,bot
681,sel-bot,bot
682,serra-bot,bot
683,shrink-sh[bot],bot
684,SiliconChip,bot
685,sisyphus-bot,bot
686,slamdata-bot,bot
687,slicerbot,bot
688,softwarefactory-project-zuul[bot],bot
689,spoon-bot,bot
690,spryker-release-bot,bot
691,staticman-net[bot],bot
692,st-l10n-bot,bot
693,suse-cf-ci-bot,bot
694,texify[bot],bot
695,tgs-bot-ghost,bot
696,grid-bot,bot
697,thewca-bot,bot
698,thundernest-bot,bot
699,tigoctm-usr,bot
700,translatewiki,bot
701,balloobbot,bot
702,tweakCompatible-bot,bot
703,typo3ter-bot,bot
704,ubo-bot,bot
705,upload-bot-5n7aq,bot
706,va-bot,bot
707,lostanlen-bot,bot
708,vscode-issue-tracker-bot,bot
709,vvv-school-bot,bot
710,wet-boew-bot,bot
711,facebook-circleci-bot,bot
712,reactjs-bot,bot
713,webuildsg-bot,bot
714,dn-wp-bot,bot
715,wppluginsbot,bot
716,wso2-jenkins-bot,bot
717,yahoo-bot,bot
718,yogstation13-bot,bot
719,zeit-github-tester[bot],bot
720,zenossbot,bot
721,cla-bot-2020[bot],bot
722,cla-bot-2021[bot],bot
723,codecov-commenter,bot
724,google-cla[bot],bot
725,kodiakhq[bot],bot
726,maidsafe-highfive,bot
727,mergify,bot
728,microsoft-cla[bot],bot
729,netlify[bot],bot
730,no-response,bot
731,rfcbot,bot
732,rustbot,bot
733,substrate-tip-bot[bot],bot
734,todo,bot
735,mikedidomizio,human
736,yu199195,human
737,edsu,human
738,tkishel,human
739,tschaub,human
740,siddontang,human
741,thomasp85,human
742,yurishkuro,human
743,s0md3v,human
744,slok,human
745,erikandre,human
746,rsmekala,human
747,objective-audio,human
748,jeffgbutler,human
749,jaumard,human
750,peterdettman,human
751,alvarotrigo,human
752,galvesribeiro,human
753,scottbedard,human
754,LukeTowers,human
755,jaredallard,human
756,Leonya,human
757,rminnich,human
758,gsmet,human
759,markya0616,human
760,doug-martin,human
761,alshakero,human
762,vieron,human
763,sabas,human
764,visualfc,human
765,mhchia,human
766,jongmoon,human
767,ueokande,human
768,ekohl,human
769,marjan-georgiev,human
770,junderw,human
771,nicolaasuni,human
772,taku910,human
773,dbaeumer,human
774,davazp,human
775,gavinorland,human
776,dborsatto,human
777,JimGreenberg,human
778,sohamkamani,human
779,rShetty,human
780,vmarkovtsev,human
781,dhollinger,human
782,samussiah,human
783,sserrata,human
784,KaitCrawford,human
785,ljharb,human
786,hamzahamidi,human
787,johngian,human
788,spartan218,human
789,beyerleinf,human
790,dkent600,human
791,derkan,human
792,mh-park,human
793,darrachequesne,human
794,dan-gamble,human
795,suzuki-shunsuke,human
796,taion,human
797,tdewolff,human
798,prescottprue,human
799,Christina-Kang,human
800,buschtoens,human
801,tnrich,human
802,colin-marshall,human
803,fetrarij,human
804,losborne,human
805,ilexp,human
806,Scrum,human
807,norkans7,human
808,taralx,human
809,Lange,human
810,staltz,human
811,WSmonkey,human
812,istarkov,human
813,johnstill,human
814,sseide,human
815,snakefoot,human
816,FireController1847,human
817,jasonyin,human
818,jcdickinson,human
819,chrisdone,human
820,MonkeyDZeke,human
821,kataras,human
822,kaczmarj,human
823,fearthecowboy,human
824,jpic,human
825,cwtuan,human
826,wkeese,human
827,brianegan,human
828,ababic,human
829,Link512,human
830,kood1,human
831,fm-tibco,human
832,martinRenou,human
833,chuckdumont,human
834,tsurdilo,human
835,akurilov,human
836,marc92w,human
837,acouch,human
838,mattsgarlata,human
839,achingbrain,human
840,jdef,human
841,ralphtheninja,human
842,Tanc009,human
843,samhatoum,human
844,petemoore,human
845,CrossR,human
846,metaodi,human
847,mkorszun,human
848,DirectXMan12,human
849,apfelbox,human
850,Niko-r,human
851,LKI,human
852,ttacon,human
853,alexanderbez,human
854,cekk,human
855,YannickJadoul,human
856,coelho,human
857,ericsoderberghp,human
858,sudip-aubergine,human
859,wesm,human
860,Hironsan,human
861,StevenMaude,human
862,dominikholler,human
863,guewen,human
864,whulshof,human
865,leleuj,human
866,juanlopez1,human
867,jgrund,human
868,larsonjj,human
869,omangin,human
870,narr,human
871,ppetrosh,human
872,Sambego,human
873,mjs,human
874,slimslenderslacks,human
875,andy-zhangtao,human
876,Drapegnik,human
877,davehunt,human
878,shawnbot,human
879,dlipovetsky,human
880,ericodell,human
881,bakape,human
882,ben181231,human
883,jasonz1987,human
884,scrapper,human
885,NOtherDev,human
886,temsa,human
887,thomas-crane,human
888,dmitrizzle,human
889,PonteIneptique,human
890,kumakichi,human
891,davidgoli,human
892,phax,human
893,BasileNouvellet,human
894,vasturiano,human
895,chamerling,human
896,probablyup,human
897,deviantfero,human
898,leemannd,human
899,astirpe,human
900,lukasgraf,human
901,YosuaHamonangan,human
902,obiot,human
903,Lukas0907,human
904,opichals,human
905,benborla,human
906,AlanSl,human
907,adamkasprowicz,human
908,emilianodellacasa,human
909,abataub,human
910,Gerrit0,human
911,leth,human
912,shytikov,human
913,MihaiTabara,human
914,nbesimi,human
915,SKalt,human
916,jbsmith7741,human
917,vorce,human
918,stapelberg,human
919,nicoddemus,human
920,mattstauffer,human
921,sstok,human
922,lewisvoncken,human
923,haroal,human
924,mzgoddard,human
925,wojtek0806,human
926,jc00ke,human
927,filipsch,human
928,ajdapretnar,human
929,jwinzer,human
930,unknwon,human
931,niksajakovljevic,human
932,mjsalinger,human
933,sf105,human
934,tumbarumba,human
935,dmwit,human
936,lanzagar,human
937,iwillspeak,human
938,maffeyl,human
939,reckart,human
940,jschr,human
941,Syndace,human
942,dpvc,human
943,kvark,human
944,rgritti,human
945,bdwain,human
946,PLNech,human
947,rs,human
948,jakirkham,human
949,romaric-juniet,human
950,jeremyf,human
951,jeremeamia,human
952,sdkottegoda,human
953,carsongee,human
954,wsmitchell3,human
955,ojkelly,human
956,pcarranza,human
957,SamOphis,human
958,bnaras,human
959,cbusbey,human
960,mrrodriguez,human
961,kencheeto,human
962,adamchainz,human
963,alanhamlett,human
964,zhi1ong,human
965,hassansin,human
966,betatim,human
967,TalAmuyal,human
968,johnmay,human
969,mosen,human
970,thebsdbox,human
971,mantzas,human
972,brandonbloom,human
973,iawia002,human
974,nicolaskruchten,human
975,adamrauh,human
976,ndbroadbent,human
977,antonmedv,human
978,jodosha,human
979,thomaspark,human
980,jirenius,human
981,mtesseract,human
982,anthrotype,human
983,ShMcK,human
984,siu,human
985,guanqun,human
986,yuripourre,human
987,webberig,human
988,mariusvniekerk,human
989,vrom911,human
990,vcaesar,human
991,herpaderpaldent,human
992,JonGilmore,human
993,mpostol,human
994,halverneus,human
995,LucasBadico,human
996,gen0cide,human
997,josemduarte,human
998,Silverwolf90,human
999,Lodin,human
1000,rtfpessoa,human
1001,pauljohanneskraft,human
1002,michelaquino,human
1003,orenyodfat,human
1004,T4rk1n,human
1005,andryuha49,human
1006,mudassir0909,human
1007,bodewig,human
1008,germanattanasio,human
1009,yowainwright,human
1010,refractalize,human
1011,sheppard,human
1012,dmage,human
1013,bparees,human
1014,rbuels,human
1015,adamchel,human
1016,jcornell123,human
1017,ericholscher,human
1018,jettify,human
1019,Kukks,human
1020,weieigao,human
1021,bendrucker,human
1022,Maryom,human
1023,nickhingston,human
1024,Zegnat,human
1025,autotelik,human
1026,ethanwhite,human
1027,dblock,human
1028,KeithWoods,human
1029,namuyan,human
1030,dlouzan,human
1031,talbright,human
1032,dantleech,human
1033,harlow,human
1034,nblumhardt,human
1035,macdonst,human
1036,FlorianWilhelm,human
1037,Bernardo-MG,human
1038,adamhsparks,human
1039,wasabeef,human
1040,JacquiManzi,human
1041,tyrannosaurus-becks,human
1042,gregturn,human
1043,miloyip,human
1044,jeremyabbott,human
1045,botovq,human
1046,p3x-robot,human
1047,acarabott,human
1048,andreubotella,human
1049,guillebot,human
1050,ninjarobot,human
1051,TurekBot,human
1052,bobotu,human
1053,boenrobot,human
1054,KarishmaBothara,human
1055,ebot1234,human
1056,vitobotta,human
1057,iobotis,human
1058,saibotsivad,human
1059,mstalbot,human
1060,botev,human
1061,wootsbot,human
1062,robotmrv,human
1063,subotic,human
1064,greenrobot,human
1065,Julboteroc,human
1066,zartbot,human
1067,ChristopherRabotin,human
1068,filippobottega,human
1069,abotiamnot,human
1070,rybot666,human
1071,drj-io,human
1072,loeffel-io,human
1073,ylv-io,human
1074,vlad-ion,human
1075,JDragovichAlertLogic,human
1076,binarylogic,human
1077,techknowlogick,human
1078,Teknologica,human
1079,azurelogic,human
1080,graemecode,human
1081,akcoder,human
1082,dcodeIO,human
1083,codesoap,human
1084,cjcodes,human
1085,kevcodez,human
1086,seriouscoderone,human
1087,fabiosantoscode,human
1088,itai-codefresh,human
1089,dipujscoder,human
1090,codeforequity-at,human
1091,codebytere,human
1092,abbeycode,human
1093,src-code,human
1094,codenirvana,human
1095,codekoala,human
1096,kescherCode,human
1097,codearoni,human
1098,Coder1304,human
1099,chancancode,human
1100,rickycodes,human
1101,SplotyCode,human
1102,Codesleuth,human
1103,beatscode,human
1104,t0xicCode,human
1105,codeactual,human
1106,codeart1st,human
1107,codec-abc,human
1108,codecowboy,human
1109,chibicode,human
1110,diego-codes,human
1111,donotcodeit,human
1112,psxcode,human
1113,noscode,human
1114,codejanovic,human
1115,AlterCodex,human
1116,groovecoder,human
1117,CoderLinLee,human
1118,ruscoder,human
1119,JoeCoderJC,human
1120,ThisGuyCodes,human
1121,CodeGather,human
1122,whereiscode,human
1123,prettyCoders,human
1124,shamcode,human
1125,coderholic,human
1126,lucode,human
1127,thehappycoder,human
1128,coderiekelt,human
1129,RobustCoder,human
1130,codemastering,human
1131,sean-clayton,human
1132,factom-clay,human
1133,mintyfusion,human
1134,devautor,human
1135,NetDevAutomate,human
1136,albertborsos,human
1137,KevinGrandon,human
1138,spinlock,human
1139,pocketjoso,human
1140,NathanWalker,human
1141,bryanl,human
1142,pythoneer,human
1143,koher,human
1144,magro,human
1145,telegraphic,human
1146,Zak-C,human
1147,rovansteen,human
1148,sergiodxa,human
1149,menduo,human
1150,fsmanuel,human
1151,KorzunAV,human
1152,hediyi,human
1153,aycabta,human
1154,rowanwins,human
1155,softprops,human
1156,eXon,human
1157,azhiltsov,human
1158,EisenbergEffect,human
1159,nataly87s,human
1160,KennethanCeyer,human
1161,Tustin,human
1162,cjus,human
1163,sp00m,human
1164,cgordon,human
1165,k2kobayashi,human
1166,jhecking,human
1167,cheungpat,human
1168,patrickjuchli,human
1169,rasheedamir,human
1170,kharanenka,human
1171,takaishi,human
1172,KarlLevik,human
1173,paulfalgout,human
1174,9il,human
1175,kurnevsky,human
1176,jhoblitt,human
1177,jefferai,human
1178,damsfx,human
1179,stevie-mayhew,human
1180,dherman,human
1181,tychoish,human
1182,ender503,human
1183,davinci26,human
1184,whyrusleeping,human
1185,LeeSmet,human
1186,sonnyp,human
1187,julienbourdeau,human
1188,NeilFraser,human
1189,fsmirne,human
1190,plentz,human
1191,ftchirou,human
1192,fengzixu,human
1193,mmstick,human
1194,brs17,human
1195,wojcikstefan,human
1196,film42,human
1197,piedoom,human
1198,tsherif,human
1199,ThibaultJanBeyer,human
1200,eugulixes,human
1201,ticoann,human
1202,alexfreska,human
1203,mreiferson,human
1204,technicalpickles,human
1205,markusl,human
1206,stevenbenisek,human
1207,dbwiddis,human
1208,floryst,human
1209,danielestevez,human
1210,EINazare,human
1211,adamgibbons,human
1212,paulolimarb,human
1213,drudru,human
1214,ignaciosplit,human
1215,abstractj,human
1216,guilhermebruzzi,human
1217,Shwetap05,human
1218,rauhryan,human
1219,markets,human
1220,norman,human
1221,edrpls,human
1222,wavded,human
1223,ask,human
1224,ploxiln,human
1225,kyan001,human
1226,seratch,human
1227,tommysdk,human
1228,ALRubinger,human
1229,naofireblade,human
1230,dmitrykurmanov,human
1231,hangzws,human
1232,fax4ever,human
1233,rayzhang0603,human
1234,dagnir,human
1235,brozeph,human
1236,chrisgarrity,human
1237,lukabratos,human
1238,legastero,human
1239,mattmezza,human
1240,magopian,human
1241,v1r0x,human
1242,dmichel1,human
1243,jlukic,human
1244,tobami,human
1245,vpavic,human
1246,azat,human
1247,pajaydev,human
1248,sfackler,human
1249,UncleAndy,human
1250,Hoishin,human
1251,earlgreyz,human
1252,3cp,human
1253,EricR,human
1254,OndraZizka,human
1255,dfreedm,human
1256,quinnjn,human
1257,flyingpie,human
1258,goncafa,human
1259,lirantal,human
1260,eatkins,human
1261,alburdette619,human
1262,jackjamieson2,human
1263,dnna,human
1264,megastep,human
1265,Kikobeats,human
1266,nathanleiby,human
1267,jwkvam,human
1268,zouter,human
1269,fyrkant,human
1270,suhothayan,human
1271,juanjoDiaz,human
1272,vks,human
1273,tibetsprague,human
1274,mihaitodor,human
1275,niemyjski,human
1276,althonos,human
1277,Havunen,human
1278,davidv1992,human
1279,lawrencegripper,human
1280,petersilva,human
1281,rrati,human
1282,fuzzdota,human
1283,pfrenssen,human
1284,ademarco,human
1285,phanrahan,human
1286,nikku,human
1287,relistan,human
1288,Kronuz,human
1289,pmuens,human
1290,timja,human
1291,ttezel,human
1292,mnapoli,human
1293,cdepillabout,human
1294,luboshl,human
1295,terinjokes,human
1296,fwigorcferreira,human
1297,bluca,human
1298,eliamaino-fp,human
1299,argon,human
1300,ZhipingYang,human
1301,nojimage,human
1302,philippfromme,human
1303,fabienjuif,human
1304,amitzur,human
1305,NgoHuy,human
1306,xiongchiamiov,human
1307,aquynh,human
1308,zaquestion,human
1309,dks17,human
1310,dbu,human
1311,jrichter1,human
1312,michaeltchapman,human
1313,pioneerskies,human
1314,bogdan0083,human
1315,jfrolich,human
1316,tommoor,human
1317,Rotzbua,human
1318,twiecki,human
1319,leosoto,human
1320,Handyman,human
1321,eduardo-rodrigues,human
1322,chrisfosterelli,human
1323,canard0328,human
1324,kevin-montrose,human
1325,mattrbianchi,human
1326,aantron,human
1327,yfuks,human
1328,joealcorn,human
1329,tocsoft,human
1330,stve,human
1331,ro-ka,human
1332,mayerm94,human
1333,lukehutch,human
1334,ggreer,human
1335,matthewrmshin,human
1336,IdoZilberberg,human
1337,AnneHommelberg,human
1338,mvz,human
1339,mikebryant,human
1340,dereuromark,human
1341,xieziyu,human
1342,shuhaowu,human
1343,livictoria,human
1344,cryptix,human
1345,arj03,human
1346,csirmazbendeguz,human
1347,jayphelps,human
1348,ArturT,human
1349,gpbl,human
1350,boazsegev,human
1351,jcustenborder,human
1352,brunobasto,human
1353,jbalsas,human
1354,smarlowucf,human
1355,mike-marcacci,human
1356,bjschoenfeld,human
1357,favadi,human
1358,supermarin,human
1359,maxisam,human
1360,Firehed,human
1361,kzidane,human
1362,guumaster,human
1363,jeffbski,human
1364,brett19,human
1365,jeancochrane,human
1366,ttmarek,human
1367,chalin,human
1368,Sarkar,human
1369,kitten,human
1370,charlesmoore99,human
1371,luisvt,human
1372,sppalkia,human
1373,cyphar,human
1374,acasademont,human
1375,cboettig,human
1376,bradymholt,human
1377,camilamercado,human
1378,geerteltink,human
1379,williaster,human
1380,bordoley,human
1381,cloudkite,human
1382,parlough,human
1383,matthewp,human
1384,sausman,human
1385,jacstn,human
1386,guzzilar,human
1387,c00kiemon5ter,human
1388,anaisbetts,human
1389,bogdan,human
1390,windyakin,human
1391,einavk,human
1392,dualspiral,human
1393,Erikvv,human
1394,dgaubert,human
1395,sjkp,human
1396,lmangani,human
1397,drug007,human
1398,calind,human
1399,sebbo2002,human
1400,hiddentao,human
1401,c4milo,human
1402,brad,human
1403,coston,human
1404,bgentry,human
1405,isaachier,human
1406,koreno,human
1407,baohx2000,human
1408,maraino,human
1409,yajra,human
1410,ishustava,human
1411,metadaddy,human
1412,nussjustin,human
1413,szimek,human
1414,f,human
1415,jennybc,human
1416,jslegendre,human
1417,zserge,human
1418,krainboltgreene,human
1419,tadesautels,human
1420,Toxicable,human
1421,masakik,human
1422,tie-rack,human
1423,akrantz,human
1424,ericgio,human
1425,chiradeep,human
1426,gburgett,human
1427,ferrix,human
1428,ddunkin,human
1429,ento,human
1430,juancarlospaco,human
1431,medikoo,human
1432,zbateson,human
1433,ota42y,human
1434,piperRyan,human
1435,sagebind,human
1436,bukhsh,human
1437,danigb,human
1438,okuryu,human
1439,nikunjkotecha,human
1440,ianchesal,human
1441,moodmosaic,human
1442,thumphries,human
1443,dahankzter,human
1444,gwils,human
1445,michalbundyra,human
1446,TomHAnderson,human
1447,RichardLitt,human
1448,janko,human
1449,jfontan,human
1450,am-kantox,human
1451,pi-r-p,human
1452,alisdairjsmyth,human
1453,alterphp,human
1454,leastprivilege,human
1455,ADmad,human
1456,blueset,human
1457,StephenVavasis,human
1458,newpavlov,human
1459,smk508,human
1460,dasulit,human
1461,dave-irvine,human
1462,cchantep,human
1463,scientistnik,human
1464,Stranger6667,human
1465,keithamus,human
1466,jaraco,human
1467,KeithGillette,human
1468,ceehaupt,human
1469,axten,human
1470,nytamin,human
1471,daveaglick,human
1472,pathawks,human
1473,portellaa,human
1474,UsulPro,human
1475,yuce,human
1476,p0nce,human
1477,DimitarTodorov,human
1478,ProfHoekstra,human
1479,nathanschile,human
1480,zqfan,human
1481,rdp,human
1482,chunyenHuang,human
1483,ndrwrbgs,human
1484,jonbern,human
1485,absolute8511,human
1486,rixx,human
1487,raphaelm,human
1488,TroyAlford,human
1489,daffl,human
1490,bryanyang0528,human
1491,ConnorRigby,human
